{"cameraMode":{"drawMode":0,"name":"Shaded","section":"Shading Mode"},"sceneLighting":true,"audioPlay":false,"sceneViewState":{"showFog":true,"showMaterialUpdate":false,"showSkybox":true,"showFlares":true,"showImageEffects":true,"showParticleSystems":true},"in2DMode":false,"pivot":{"x":1.028323769569397,"y":1.4401590824127198,"z":16.78542709350586},"rotation":{"x":0.04679308831691742,"y":-0.004500213079154491,"z":0.00021100364392623305,"w":0.9988945126533508},"size":22.442426681518556,"orthographic":false}