{"cameraMode":{"drawMode":0,"name":"Shaded","section":"Shading Mode"},"sceneLighting":false,"audioPlay":false,"sceneViewState":{"showFog":true,"showMaterialUpdate":false,"showSkybox":true,"showFlares":true,"showImageEffects":true,"showParticleSystems":true},"in2DMode":false,"pivot":{"x":6.029133319854736,"y":0.2914476990699768,"z":3.0741987228393556},"rotation":{"x":-0.03867391496896744,"y":0.9331634044647217,"z":-0.1057184711098671,"w":-0.3413708209991455},"size":3.7142837047576906,"orthographic":false}